WKT,id,nombre,direccion,materiales,mas_info,dia_hora,tipo,cooperativ,calle,altura,calle2,barrio,comuna
POINT (-64.214156 -31.339885),CBA-01,CENTRO VERDE NORTE,BV. DE LOS ALEMANES 3387,Papel / Cartón / Vidrio / Metal / Plástico / Tetra-brik,Zona Norte - Los Boulevares,Lun a Vie 8:00-20:00 | Sab 8:00-12:00,Centro Verde,COyS,BV. DE LOS ALEMANES,3387,,LOS BOULEVARES,CORDOBA CAPITAL
POINT (-64.1943401 -31.4483295),CBA-02,CENTRO VERDE SUR,AV. BELARDINELLI 4776,Papel / Cartón / Vidrio / Metal / Plástico / Tetra-brik,Zona Sur - Jardín,Lun a Vie 8:00-20:00 | Sab 8:00-12:00,Centro Verde,COyS,AV. BELARDINELLI,4776,,JARDIN,CORDOBA CAPITAL
POINT (-64.2343339 -31.3544745),CBA-03,CENTRO VERDE ESTE,AV. CIRCUNVALACION 6591,Papel / Cartón / Vidrio / Metal / Plástico / Tetra-brik,Ubicado en Colectora Sureste,Lun a Sab 9:00-19:00,Centro Verde,COyS,AV. CIRCUNVALACION,6591,,1RO DE MAYO,CORDOBA CAPITAL
POINT (-64.1611119 -31.3875206),CBA-04,CENTRO VERDE ECOFEM,AV. LEANDRO N. ALEM 1447,Papel / Cartón / Vidrio / Metal / Plástico / Tetra-brik,Centro gestionado por mujeres,Lun a Vie 8:00-20:00 | Sab 8:00-12:00,Centro Verde,COyS,AV. LEANDRO N. ALEM,1447,,GENERAL BUSTOS,CORDOBA CAPITAL
POINT (-64.2244141 -31.4674120),CBA-05,CENTRO VERDE TELAS,AV. ARMADA ARGENTINA 1637,Exclusivo: Telas / Retazos / Ropa,(Nueva Dirección frente a CPC Villa El Libertador),Lun a Vie 8:00-18:00,Centro Verde,COyS,AV. ARMADA ARGENTINA,1637,,VILLA EL LIBERTADOR,CORDOBA CAPITAL
POINT (-62.6810550 -32.6230283),CBA-06,CENTRO VERDE CENTRO,RODRIGUEZ PEÑA 470,Papel / Cartón / Vidrio / Metal / Plástico,Prioridad Recuperadores Urbanos,Lun a Vie 8:00-20:00,Centro Verde,COyS,RODRIGUEZ PEÑA,470,,CENTRO,CORDOBA CAPITAL
